Data,Key Index
"[[10.2   6.1   7.92 11.25  9.44 -1.17  1.   47.75]
 [14.5   7.8   7.88 11.28  9.42  0.33  0.67 37.73]
 [ 2.2   8.2   7.92 11.3   9.45  0.42  0.95 47.28]
 [ 0.3  11.2   7.11 10.23  8.62  1.6  -2.36 49.27]
 [ 1.6   8.4   7.7  11.04  9.38  1.8  -2.93 50.48]
 [ 3.2   6.5   8.23 11.76  9.93  3.14 -1.82 48.51]
 [ 3.3   8.5   8.11 11.46  9.74 -0.21 -1.43  2.67]
 [ 2.8   9.3   7.96 11.38  9.73 -2.03  0.16 52.14]
 [ 8.    7.7   8.11 11.7   9.98 -1.21  1.41 29.97]]",1
"[[10.3   6.    8.01 11.36  9.53 -0.59 -0.66 51.8 ]
 [14.5   7.1   7.88 11.35  9.47  0.13  0.89 48.29]
 [ 1.4   8.2   7.83 11.13  9.33 -0.13  2.77 40.08]
 [ 0.3  11.3   7.19 10.22  8.6   3.65 -2.73 48.64]
 [ 1.7   9.1   7.69 11.04  9.41  3.39 -2.52 50.96]
 [ 3.2   6.4   8.21 11.74  9.92  1.53 -0.99 -0.62]
 [ 2.9   8.3   8.05 11.44  9.72 -0.11 -3.95  2.55]
 [ 2.6   9.1   7.85 11.36  9.72 -1.57  0.6   6.09]
 [ 8.    7.6   8.11 11.69  9.97  0.07  0.63 11.24]]",1
"[[ 1.020e+01  5.600e+00  8.030e+00  1.141e+01  9.540e+00 -1.190e+00
   1.040e+00  4.710e+01]
 [ 1.440e+01  7.500e+00  7.890e+00  1.135e+01  9.440e+00 -1.460e+00
   4.500e-01  4.459e+01]
 [ 1.900e+00  8.300e+00  8.000e+00  1.129e+01  9.420e+00  4.200e-01
   1.000e-02  4.769e+01]
 [ 4.000e-01  1.090e+01  7.200e+00  1.029e+01  8.620e+00  2.090e+00
  -2.400e+00  4.694e+01]
 [ 1.600e+00  9.200e+00  7.830e+00  1.114e+01  9.410e+00  2.400e+00
  -3.260e+00  5.675e+01]
 [ 3.200e+00  6.500e+00  8.180e+00  1.175e+01  9.890e+00  1.730e+00
  -3.160e+00 -6.200e-01]
 [ 2.800e+00  8.600e+00  8.100e+00  1.141e+01  9.670e+00 -3.100e-01
  -4.010e+00  9.140e+00]
 [ 2.800e+00  9.500e+00  7.850e+00  1.123e+01  9.570e+00 -1.390e+00
  -3.100e-01  4.610e+00]
 [ 7.600e+00  7.700e+00  8.080e+00  1.158e+01  9.860e+00  5.700e-01
   1.690e+00  2.439e+01]]",1
"[[ 1.050e+01  5.800e+00  8.010e+00  1.137e+01  9.520e+00 -1.350e+00
   1.620e+00  5.229e+01]
 [ 1.490e+01  6.400e+00  7.910e+00  1.134e+01  9.440e+00 -2.060e+00
  -9.300e-01  5.237e+01]
 [ 1.800e+00  8.200e+00  8.020e+00  1.128e+01  9.410e+00  3.300e-01
   1.140e+00  4.435e+01]
 [ 3.000e-01  1.120e+01  7.200e+00  1.022e+01  8.570e+00  6.100e-01
  -1.850e+00  4.910e+01]
 [ 1.700e+00  8.800e+00  7.830e+00  1.116e+01  9.440e+00  5.800e-01
  -1.180e+00  4.769e+01]
 [ 3.200e+00  6.400e+00  8.260e+00  1.179e+01  9.920e+00  3.260e+00
  -1.940e+00  5.400e+01]
 [ 3.100e+00  8.300e+00  8.100e+00  1.144e+01  9.700e+00 -3.800e-01
  -2.040e+00  1.370e+00]
 [ 2.700e+00  9.100e+00  7.950e+00  1.133e+01  9.650e+00 -1.000e+00
  -5.000e-02  6.700e-01]
 [ 8.100e+00  7.600e+00  8.140e+00  1.173e+01  9.970e+00 -1.500e+00
   1.070e+00  2.000e-01]]",1
"[[10.4   6.    8.02 11.38  9.53 -0.33  1.32 48.5 ]
 [15.    6.5   7.9  11.35  9.45  0.66 -0.87 46.78]
 [ 1.8   8.3   7.97 11.32  9.45  0.68 -0.21 48.12]
 [ 0.3  10.8   7.12 10.28  8.63  0.62 -1.02 52.9 ]
 [ 1.5   8.2   7.82 11.16  9.45  2.71 -3.14 47.98]
 [ 3.3   6.5   8.28 11.84  9.98  1.54 -3.63 48.87]
 [ 2.7  10.4   8.1  11.47  9.73  0.95 -0.84 -0.58]
 [ 2.9   9.5   8.   11.36  9.7  -0.42 -0.72  3.51]
 [ 8.2   7.7   8.14 11.69  9.95 -0.7   1.54 44.23]]",1
"[[ 1.030e+01  5.700e+00  8.040e+00  1.146e+01  9.590e+00  9.800e-01
  -9.500e-01  4.980e+01]
 [ 1.520e+01  6.900e+00  7.980e+00  1.140e+01  9.490e+00  1.370e+00
  -3.700e-01  5.843e+01]
 [ 2.000e+00  8.300e+00  8.020e+00  1.139e+01  9.510e+00  4.500e-01
   9.600e-01  5.119e+01]
 [ 4.000e-01  1.110e+01  7.170e+00  1.031e+01  8.650e+00  2.790e+00
  -3.060e+00  4.841e+01]
 [ 1.500e+00  8.200e+00  7.820e+00  1.119e+01  9.470e+00  3.550e+00
  -2.910e+00 -2.700e-01]
 [ 3.300e+00  6.500e+00  8.280e+00  1.189e+01  1.001e+01  2.800e+00
  -3.860e+00  1.070e+00]
 [ 3.100e+00  8.100e+00  8.130e+00  1.154e+01  9.780e+00 -9.500e-01
  -4.350e+00 -1.000e-02]
 [ 3.100e+00  1.070e+01  7.910e+00  1.142e+01  9.750e+00 -1.160e+00
  -8.000e-01  3.416e+01]
 [ 8.000e+00  7.800e+00  8.170e+00  1.174e+01  1.000e+01  7.200e-01
   3.000e-02  3.798e+01]]",1
"[[ 0.    5.6   8.85 12.33 10.33  0.16  0.09 46.97]
 [ 0.    5.7   8.65 12.31 10.53  0.73 -2.23 57.09]
 [ 0.2   5.4   8.33 11.95 10.37  0.25  0.44 45.37]
 [ 1.2   4.8   7.47 11.05  9.73  0.93 -1.38 47.63]
 [ 1.4   3.6   7.73 11.47  9.98  1.79 -1.95 -0.6 ]
 [ 1.7   1.9   8.4  12.3  10.56  0.71 -2.13 -0.63]
 [ 2.5   2.5   8.49 12.08 10.39  0.86 -4.53 24.85]
 [ 2.6   6.6   8.24 11.97 10.34 -0.11 -1.57 19.65]
 [ 0.9   8.    8.41 12.08 10.47  1.01  1.08 16.33]]",2
"[[ 3.000e-01  5.700e+00  7.840e+00  1.066e+01  7.510e+00  2.260e+00
  -1.140e+00  6.970e+00]
 [ 0.000e+00  5.100e+00  8.830e+00  1.248e+01  1.042e+01 -3.240e+00
  -7.000e-02  6.250e+01]
 [ 0.000e+00  5.300e+00  8.580e+00  1.234e+01  1.051e+01 -4.510e+00
  -2.000e-02  6.338e+01]
 [ 0.000e+00  5.400e+00  8.100e+00  1.164e+01  1.008e+01 -4.600e-01
   7.100e-01  4.521e+01]
 [ 5.000e-01  5.000e+00  7.780e+00  1.144e+01  1.004e+01 -2.700e-01
   1.030e+00  4.773e+01]
 [ 1.300e+00  3.600e+00  7.970e+00  1.193e+01  1.041e+01  1.530e+00
   1.140e+00  5.520e+01]
 [ 2.200e+00  1.000e+00  8.010e+00  1.171e+01  1.012e+01  5.700e-01
   8.600e-01  5.249e+01]
 [ 3.500e+00  6.000e-01  8.140e+00  1.180e+01  1.019e+01  7.500e-01
  -1.410e+00  4.858e+01]
 [ 5.000e+00  3.300e+00  8.390e+00  1.224e+01  1.059e+01  7.200e-01
  -1.400e-01  4.662e+01]]",2
"[[ 2.000e-01  5.600e+00  8.910e+00  1.240e+01  1.024e+01  8.600e-01
  -2.890e+00 -4.900e-01]
 [ 0.000e+00  5.200e+00  8.960e+00  1.257e+01  1.053e+01  3.020e+00
  -1.020e+00  1.990e+00]
 [ 0.000e+00  5.300e+00  8.600e+00  1.234e+01  1.051e+01  2.190e+00
  -8.800e-01  4.760e+00]
 [ 0.000e+00  5.400e+00  7.980e+00  1.156e+01  1.005e+01 -1.490e+00
   8.300e-01  3.409e+01]
 [ 4.000e-01  5.100e+00  7.710e+00  1.141e+01  1.005e+01 -1.000e-01
  -4.200e-01  3.413e+01]
 [ 1.300e+00  3.600e+00  7.930e+00  1.174e+01  1.028e+01 -8.400e-01
  -2.580e+00  5.728e+01]
 [ 2.100e+00  1.000e+00  8.120e+00  1.174e+01  1.015e+01  3.400e-01
  -8.000e-02  5.575e+01]
 [ 3.400e+00  8.000e-01  8.220e+00  1.192e+01  1.028e+01  1.360e+00
  -4.000e-02  4.819e+01]
 [ 4.800e+00  3.400e+00  8.450e+00  1.229e+01  1.063e+01 -1.190e+00
  -8.000e-01  4.893e+01]]",2
"[[ 0.3  10.2   8.22 11.77 10.3   0.47 -1.56 44.63]
 [ 1.4   8.3   8.54 12.14 10.61  0.48 -1.17 57.25]
 [ 9.3   7.6   8.33 12.04 10.53  0.81  1.1  46.79]
 [ 7.9   4.8   7.75 11.3   9.94  0.76 -1.18 49.54]
 [10.7   8.    7.75 11.4  10.01  1.17 -0.95  7.29]
 [19.    7.6   8.13 11.93 10.39  1.57 -1.34 -0.22]
 [29.1   7.3   8.13 11.61 10.09 -0.67 -1.26  0.21]
 [ 6.7   8.3   8.06 11.33  9.86  1.8  -0.59 66.8 ]
 [12.7   9.1   8.09 11.54 10.04  0.69  0.17 41.89]]",3
"[[ 0.3  10.4   8.28 11.69 10.23  0.3  -2.22 42.93]
 [ 1.4   8.4   8.45 12.05 10.54  3.11  0.11  0.75]
 [10.1   7.8   8.26 11.93 10.43  2.73 -1.98  8.87]
 [ 7.7   4.8   7.54 11.08  9.72 -0.07 -2.07 11.6 ]
 [10.3   7.9   7.71 11.32  9.95  0.48 -1.86 26.28]
 [18.7   7.7   8.09 11.84 10.33  1.09 -1.99 40.91]
 [28.5   7.3   8.26 11.6  10.09  0.64 -1.42 58.52]
 [ 6.8   8.7   8.04 11.3   9.83  1.66 -0.44 59.7 ]
 [12.3   8.9   8.09 11.52 10.02 -0.12 -0.49 44.01]]",3
"[[ 0.3  10.3   8.29 11.65 10.21 -2.51  1.02 55.32]
 [ 1.1   7.9   8.42 11.97 10.49  0.59 -0.53 41.33]
 [10.6   8.    8.28 11.91 10.41 -0.46 -0.58 41.66]
 [ 7.7   4.9   7.69 11.17  9.81  0.32  1.37 51.08]
 [11.2   8.1   7.62 11.3   9.92  0.48  1.38 46.77]
 [19.    7.8   8.09 11.82 10.31  1.2   0.7  46.56]
 [28.8   7.4   8.09 11.52 10.01  0.94  0.48 50.35]
 [ 7.    9.    8.04 11.25  9.79  0.    0.68  1.7 ]
 [12.7   9.    8.06 11.51 10.01 -0.29  1.19  5.  ]]",3
"[[ 6.    8.9   8.42 12.44 10.48  0.51  2.83 43.08]
 [ 3.2   9.8   8.34 12.25 10.28  0.7   1.81 44.38]
 [ 0.   10.4   8.29 12.19 10.32  2.45  2.92 47.98]
 [ 0.5  12.5   7.58 11.44  9.73  3.51  1.07 46.95]
 [ 0.   20.1   7.47 11.44  9.69  1.97  2.25 -0.67]
 [ 0.   10.1   7.88 11.83  9.96 -0.58  0.07  0.87]
 [ 0.   15.7   7.96 11.81  9.94  0.39  1.77  3.49]
 [ 0.4  15.8   7.74 11.68  9.82  0.77  2.33  6.49]
 [ 1.3   9.7   8.08 12.15 10.18  1.14  3.05 49.72]]",4
"[[ 6.700e+00  7.300e+00  8.260e+00  1.210e+01  1.018e+01 -1.780e+00
   1.320e+00  4.391e+01]
 [ 4.700e+00  6.900e+00  8.160e+00  1.223e+01  1.026e+01 -1.300e+00
  -4.100e-01 -4.600e-01]
 [ 8.000e-01  8.400e+00  8.260e+00  1.218e+01  1.030e+01 -1.740e+00
  -4.600e-01  2.470e+00]
 [ 7.000e-01  2.170e+01  7.610e+00  1.137e+01  9.670e+00 -3.060e+00
   1.100e+00 -6.200e-01]
 [ 0.000e+00  1.470e+01  7.670e+00  1.151e+01  9.720e+00 -2.520e+00
  -3.000e-02  1.058e+01]
 [ 0.000e+00  2.780e+01  7.700e+00  1.161e+01  9.700e+00 -3.910e+00
  -6.300e-01  2.233e+01]
 [ 0.000e+00  1.290e+01  7.160e+00  1.087e+01  9.070e+00 -3.230e+00
   8.300e-01  4.366e+01]
 [ 2.000e-01  1.090e+01  7.760e+00  1.168e+01  9.810e+00 -2.560e+00
   1.600e-01  3.413e+01]
 [ 9.000e-01  1.080e+01  8.170e+00  1.221e+01  1.022e+01 -1.770e+00
   1.000e-02  4.571e+01]]",4
"[[ 5.700e+00  7.600e+00  8.390e+00  1.229e+01  1.034e+01 -4.930e+00
   1.320e+00  5.142e+01]
 [ 1.400e+00  8.200e+00  8.540e+00  1.251e+01  1.054e+01 -4.280e+00
   2.700e-01  5.147e+01]
 [ 0.000e+00  1.240e+01  7.420e+00  1.120e+01  9.400e+00 -1.000e-02
   1.580e+00  4.251e+01]
 [ 0.000e+00  2.220e+01  7.440e+00  1.115e+01  9.430e+00 -3.000e-02
   1.300e+00  4.335e+01]
 [ 0.000e+00  3.020e+01  6.800e+00  1.042e+01  8.680e+00 -1.500e-01
  -3.700e-01  4.444e+01]
 [ 0.000e+00  1.510e+01  6.610e+00  1.042e+01  8.590e+00 -6.100e-01
  -1.140e+00  4.688e+01]
 [ 0.000e+00  1.050e+01  7.700e+00  1.157e+01  9.720e+00 -3.440e+00
  -3.700e-01  1.000e-02]
 [ 9.000e-01  1.200e+01  7.860e+00  1.173e+01  9.870e+00 -3.660e+00
  -4.000e-01 -5.900e-01]
 [ 6.200e+00  9.200e+00  8.330e+00  1.261e+01  1.060e+01 -3.830e+00
   1.230e+00  2.700e+01]]",4
"[[ 0.000e+00  7.500e+00  6.560e+00  1.037e+01  8.350e+00 -3.810e+00
  -5.300e-01  5.613e+01]
 [ 0.000e+00  7.300e+00  7.840e+00  1.201e+01  9.880e+00 -2.800e-01
   1.050e+00  4.185e+01]
 [ 0.000e+00  6.800e+00  7.770e+00  1.183e+01  9.840e+00  4.000e-02
  -1.000e-01  4.135e+01]
 [ 0.000e+00  1.010e+01  7.480e+00  1.147e+01  9.630e+00  1.700e-01
  -1.210e+00  4.704e+01]
 [ 0.000e+00  6.300e+00  7.620e+00  1.186e+01  9.970e+00 -3.700e-01
  -5.300e-01 -6.500e-01]
 [ 0.000e+00  7.300e+00  8.140e+00  1.256e+01  1.050e+01 -2.730e+00
  -2.230e+00 -5.800e-01]
 [ 0.000e+00  8.700e+00  8.090e+00  1.233e+01  1.034e+01 -3.490e+00
   1.020e+00  1.346e+01]
 [ 2.500e+00  9.200e+00  8.100e+00  1.235e+01  1.037e+01 -3.040e+00
   1.040e+00  1.425e+01]
 [ 8.300e+00  9.900e+00  8.510e+00  1.286e+01  1.071e+01 -2.310e+00
   4.100e-01  2.592e+01]]",5
"[[ 0.000e+00  7.400e+00  6.500e+00  1.038e+01  8.350e+00 -4.100e+00
  -4.000e-02  7.310e+01]
 [ 0.000e+00  7.400e+00  7.890e+00  1.200e+01  9.860e+00 -3.490e+00
  -2.000e-02  4.046e+01]
 [ 0.000e+00  6.800e+00  7.700e+00  1.183e+01  9.830e+00 -4.000e-02
   1.250e+00  4.694e+01]
 [ 0.000e+00  9.100e+00  7.400e+00  1.147e+01  9.630e+00 -3.900e-01
  -2.300e-01  5.001e+01]
 [ 0.000e+00  6.600e+00  7.090e+00  1.114e+01  9.300e+00  5.000e-02
   3.100e-01  4.875e+01]
 [ 0.000e+00  7.400e+00  7.530e+00  1.181e+01  9.820e+00 -7.400e-01
  -5.300e-01  4.669e+01]
 [ 0.000e+00  8.900e+00  8.080e+00  1.229e+01  1.032e+01 -3.720e+00
   9.500e-01 -6.500e-01]
 [ 2.700e+00  9.500e+00  8.090e+00  1.234e+01  1.036e+01 -4.800e+00
   1.960e+00  4.880e+00]
 [ 8.700e+00  9.900e+00  8.480e+00  1.282e+01  1.067e+01 -2.220e+00
   7.700e-01  2.720e+00]]",5
"[[ 0.000e+00  7.400e+00  6.390e+00  1.015e+01  8.150e+00 -6.090e+00
  -5.300e-01  2.809e+01]
 [ 0.000e+00  7.300e+00  7.720e+00  1.182e+01  9.700e+00 -3.600e+00
  -1.000e-02  4.981e+01]
 [ 0.000e+00  6.700e+00  7.670e+00  1.180e+01  9.810e+00 -4.670e+00
   3.200e-01  5.509e+01]
 [ 0.000e+00  9.700e+00  7.530e+00  1.145e+01  9.610e+00 -3.160e+00
   3.010e+00 -3.400e-01]
 [ 0.000e+00  6.500e+00  7.430e+00  1.146e+01  9.870e+00 -3.380e+00
   1.750e+00  1.742e+01]
 [ 0.000e+00  7.400e+00  7.750e+00  1.209e+01  9.710e+00 -2.310e+00
  -1.780e+00  5.500e-01]
 [ 0.000e+00  8.600e+00  8.130e+00  1.231e+01  1.032e+01 -2.660e+00
   1.000e+00  5.423e+01]
 [ 2.800e+00  9.600e+00  8.160e+00  1.236e+01  1.038e+01 -2.460e+00
  -6.000e-02  8.140e+00]
 [ 8.800e+00  1.000e+01  8.460e+00  1.284e+01  1.067e+01 -2.210e+00
   2.200e-01  5.062e+01]]",5
"[[ 4.100e+00  6.600e+00  7.950e+00  1.198e+01  1.038e+01  1.000e-01
   8.200e-01  4.361e+01]
 [ 7.000e-01  6.800e+00  7.220e+00  1.130e+01  9.670e+00 -3.100e-01
   9.000e-01  4.323e+01]
 [ 0.000e+00  6.700e+00  7.180e+00  1.074e+01  9.470e+00 -3.500e-01
   1.110e+00  4.833e+01]
 [ 0.000e+00  7.000e+00  6.820e+00  1.041e+01  9.220e+00 -6.700e-01
  -8.900e-01  4.688e+01]
 [ 0.000e+00  7.600e+00  6.130e+00  1.011e+01  8.790e+00 -1.000e+00
  -1.130e+00  4.155e+01]
 [ 1.000e-01  8.900e+00  6.360e+00  1.035e+01  8.770e+00 -2.280e+00
  -2.040e+00 -3.000e-01]
 [ 2.000e-01  9.500e+00  7.580e+00  1.165e+01  1.006e+01 -2.880e+00
   8.100e-01  1.773e+01]
 [ 1.000e-01  1.050e+01  7.610e+00  1.169e+01  1.012e+01 -3.490e+00
  -1.000e-02  9.250e+00]
 [ 6.000e-01  9.100e+00  7.870e+00  1.221e+01  1.053e+01 -2.930e+00
  -2.900e-01  6.171e+01]]",6
"[[ 4.1   6.8   7.94 11.99 10.43  0.26  2.   45.39]
 [ 0.8   6.7   7.17 11.18  9.56  0.22  2.28 41.1 ]
 [ 0.    6.8   7.23 10.81  9.58  0.2   0.93 43.7 ]
 [ 0.    6.9   7.   10.7   9.6  -1.22 -2.33 47.8 ]
 [ 0.    7.4   6.57 10.65  9.31 -2.1  -2.55 48.93]
 [ 0.    9.    6.78 10.97  9.4  -1.1   0.3   4.4 ]
 [ 0.1   9.6   7.97 12.27 10.71 -5.    0.28  0.57]
 [ 0.   10.3   8.05 12.29 10.73 -4.77  0.05  4.95]
 [ 0.5   8.9   8.3  12.81 11.1  -1.4   0.13 42.58]]",6
"[[ 4.100e+00  6.800e+00  7.980e+00  1.195e+01  1.037e+01 -2.760e+00
  -1.880e+00  7.331e+01]
 [ 8.000e-01  6.800e+00  6.860e+00  1.087e+01  9.280e+00 -1.300e-01
   2.000e-02  1.451e+01]
 [ 0.000e+00  6.800e+00  7.020e+00  1.055e+01  9.330e+00 -3.510e+00
  -3.000e-02  3.760e+01]
 [ 0.000e+00  6.900e+00  6.860e+00  1.060e+01  9.440e+00 -2.230e+00
  -9.000e-02  3.832e+01]
 [ 0.000e+00  7.600e+00  6.260e+00  1.017e+01  8.820e+00 -2.810e+00
   2.070e+00  5.105e+01]
 [ 1.000e-01  8.900e+00  6.380e+00  1.033e+01  8.780e+00 -3.130e+00
   7.800e-01  3.942e+01]
 [ 2.000e-01  9.700e+00  7.630e+00  1.172e+01  1.017e+01 -3.380e+00
   1.190e+00  5.555e+01]
 [ 0.000e+00  1.050e+01  7.110e+00  1.113e+01  9.590e+00 -1.520e+00
   2.380e+00  5.168e+01]
 [ 5.000e-01  9.300e+00  7.460e+00  1.170e+01  1.007e+01 -5.500e-01
  -7.800e-01  4.580e+01]]",6
"[[ 1.260e+01  7.600e+00  0.000e+00  0.000e+00  0.000e+00 -4.330e+00
   1.090e+00  4.561e+01]
 [ 4.700e+00  7.100e+00  0.000e+00  0.000e+00  0.000e+00  3.500e-01
   9.700e-01  4.558e+01]
 [ 0.000e+00  1.130e+01  0.000e+00  0.000e+00  0.000e+00 -4.000e-02
   5.600e-01  4.445e+01]
 [ 0.000e+00  1.200e+01  0.000e+00  0.000e+00  0.000e+00 -1.270e+00
  -2.450e+00  4.978e+01]
 [ 0.000e+00  5.800e+00  7.020e+00  1.083e+01  9.240e+00 -4.300e-01
  -8.700e-01  4.323e+01]
 [ 0.000e+00  8.000e-01  7.240e+00  1.114e+01  9.330e+00 -7.700e-01
  -1.880e+00 -6.000e-01]
 [ 0.000e+00  2.030e+01  7.440e+00  1.112e+01  9.370e+00 -3.330e+00
   3.100e-01 -5.700e-01]
 [ 1.000e-01  1.640e+01  7.130e+00  1.084e+01  9.180e+00 -4.560e+00
  -4.300e-01  1.219e+01]
 [ 4.000e-01  9.000e+00  8.150e+00  1.213e+01  1.034e+01 -4.880e+00
   2.800e-01  2.940e+00]]",7
"[[12.8   7.7   8.03 11.89 10.31  0.46  0.4  34.51]
 [ 5.2   7.1   8.14 12.16 10.56 -0.99 -0.69 -0.13]
 [ 0.   11.1   8.05 11.97 10.46 -1.18  0.98  3.89]
 [ 0.   12.3   7.25 10.96  9.58 -2.69  2.34 35.99]
 [ 0.    6.2   7.15 11.04  9.42 -2.99  3.24 53.49]
 [ 0.    1.5   7.39 11.36  9.5  -2.45  0.41 53.26]
 [ 0.   20.    7.55 11.31  9.52 -2.51  0.36 50.62]
 [ 0.1  20.3   7.26 11.01  9.31 -1.85  0.29 42.75]
 [ 0.4   8.9   8.25 12.4  10.57 -1.64  1.49 44.63]]",7
"[[12.5   7.7   8.08 11.92 10.38 -0.98 -0.29  4.13]
 [ 5.3   7.2   8.18 12.2  10.59 -0.96  0.14  9.39]
 [ 0.   11.3   8.1  11.99 10.47 -1.2   1.46  7.09]
 [ 0.   12.2   7.26 10.98  9.59 -3.55  3.68 62.6 ]
 [ 0.    5.6   7.03 10.88  9.26 -2.13 -0.12 40.95]
 [ 0.    0.9   7.33 11.24  9.4  -3.    2.48 64.75]
 [ 0.   20.    7.47 11.18  9.41 -1.3   1.82 39.89]
 [ 0.1  18.2   7.16 10.93  9.23 -2.19  0.53 46.75]
 [ 0.4   9.    8.19 12.2  10.38 -1.61  1.68 50.5 ]]",7
"[[ 1.5  12.    7.94 11.86  9.98  1.72 -3.57 45.27]
 [ 2.9  12.    8.02 12.07 10.18 -0.59 -1.75 50.14]
 [ 4.6  10.1   7.96 11.97 10.14 -0.57  1.94 43.85]
 [ 6.4   9.5   7.5  11.33  9.66 -0.36 -0.06 50.47]
 [ 8.8   9.5   7.49 11.4   9.72 -2.52  0.82 44.23]
 [12.6   9.1   8.04 12.23 10.3  -2.96  0.53  0.14]
 [13.5  10.    8.16 12.17 10.21 -3.69  2.07 11.64]
 [ 8.3  10.1   8.01 11.89  9.97 -2.13  1.17 11.67]
 [11.8  10.5   8.02 12.03 10.06 -2.43  0.98 42.87]]",8
"[[ 1.600e+00  1.160e+01  7.670e+00  1.171e+01  9.840e+00 -1.540e+00
   3.800e-01  5.275e+01]
 [ 3.000e+00  1.220e+01  7.850e+00  1.175e+01  9.920e+00  1.510e+00
  -1.000e+00  6.449e+01]
 [ 4.900e+00  9.800e+00  7.670e+00  1.163e+01  9.820e+00 -1.700e-01
  -5.200e-01  5.147e+01]
 [ 6.700e+00  9.500e+00  7.290e+00  1.107e+01  9.410e+00 -2.310e+00
   1.920e+00  4.758e+01]
 [ 9.100e+00  9.700e+00  7.190e+00  1.119e+01  9.510e+00 -3.580e+00
   1.400e+00  4.737e+01]
 [ 1.260e+01  9.300e+00  7.860e+00  1.206e+01  1.013e+01  2.700e-01
   1.040e+00  4.986e+01]
 [ 2.120e+01  9.900e+00  8.020e+00  1.207e+01  1.011e+01  3.100e-01
   2.290e+00  4.626e+01]
 [ 7.800e+00  1.010e+01  7.810e+00  1.175e+01  9.850e+00 -5.000e-02
   1.330e+00  4.693e+01]
 [ 1.190e+01  1.060e+01  7.830e+00  1.180e+01  9.880e+00  4.000e-02
   2.020e+00  4.641e+01]]",8
"[[ 1.8  12.2   7.81 11.74  9.89  4.   -3.38 61.08]
 [ 3.   12.4   7.8  11.94 10.06  0.26 -1.29 52.45]
 [ 4.9  10.1   7.79 11.78  9.97  0.3   3.09 47.1 ]
 [ 6.8   9.6   7.4  11.23  9.56  0.3   1.48 51.54]
 [ 9.1   9.7   7.32 11.31  9.63 -0.69  1.93 46.61]
 [12.6   9.1   7.92 12.13 10.22 -1.01  1.08 50.03]
 [19.3  10.    8.2  12.14 10.18 -3.21  2.36 43.67]
 [ 8.   10.    7.89 11.83  9.92 -4.9   1.88  1.1 ]
 [12.1  10.7   8.04 12.06 10.08 -3.99  1.49 56.37]]",8
"[[ 0.7   7.4   8.4  12.19 10.33 -2.01 -2.58 60.33]
 [ 1.8   7.    8.66 12.51 10.83  0.31 -0.42 47.52]
 [ 2.1   7.    7.75 11.87  9.84  1.51 -1.26 45.16]
 [ 2.1   6.3   8.03 11.91 10.13  1.   -2.19 48.92]
 [ 0.    6.8   8.1  12.2  10.43  3.09 -1.01 48.07]
 [ 5.2   7.3   8.4  12.64 10.77  2.22 -2.01 -0.54]
 [ 1.3   6.3   7.55 11.63 10.03 -0.31  0.65 -0.51]
 [ 3.2   5.8   7.75 11.7   9.62  0.77  1.12  6.49]
 [ 4.5   5.1   9.41 13.2  10.31  0.65 -0.92 34.33]]",9
"[[ 0.8   7.5   8.47 12.3  10.42  1.43  0.56 43.2 ]
 [ 1.6   7.    8.4  12.41 10.43 -4.28 -0.08 62.48]
 [ 2.2   7.    8.3  12.34 10.39  2.12  0.31 -0.44]
 [ 2.7   6.4   7.77 11.63  9.83 -1.18  2.06 13.02]
 [ 0.6   7.7   7.47 11.37  9.64  0.42  0.45 17.06]
 [ 3.8   6.9   7.61 11.58  9.78  0.66 -0.12 58.29]
 [ 1.2   6.3   6.79 10.65  9.08  0.75 -0.63 36.74]
 [ 3.2   5.9   7.1  10.84  8.85  0.2  -1.11 41.01]
 [ 4.6   5.1   8.75 12.32  9.52 -0.69 -1.61 46.15]]",9
"[[ 0.7   7.4   8.19 11.95 10.14  0.79 -3.98 51.9 ]
 [ 1.7   7.1   8.35 12.41 10.43  0.36  0.6  41.29]
 [ 2.4   6.9   8.12 12.06 10.13  4.04  1.37 53.22]
 [ 2.4   6.5   7.6  11.37  9.61  1.53  1.42 -0.53]
 [ 0.    7.    7.4  11.25  9.54  2.8  -1.66 -0.55]
 [ 4.6   7.3   7.54 11.68  9.88 -0.52 -2.8  20.8 ]
 [ 1.3   6.4   6.73 10.69  9.14 -0.82 -0.5  28.6 ]
 [ 3.2   5.9   6.97 10.79  8.83  0.74 -1.02 51.87]
 [ 4.8   5.2   8.93 12.51  9.71 -0.87  0.15 57.39]]",9
"[[ 0.8   7.3   8.01 11.75  9.93 -0.17  0.38 56.36]
 [ 1.7   7.2   8.01 12.11 10.14  2.66  1.16 54.75]
 [ 2.2   6.9   7.88 11.88  9.98  0.49  2.23 53.79]
 [ 2.5   6.2   7.35 11.17  9.43  0.32 -0.16 50.62]
 [ 0.7   7.4   7.23 11.14  9.43  0.72 -0.51 51.21]
 [ 4.9   7.1   7.35 11.44  9.65  1.77  1.76 55.36]
 [ 1.2   6.7   6.64 10.48  8.95  1.86  2.98 45.96]
 [ 3.3   5.5   7.49 11.24  8.98  1.09  1.33 -0.33]
 [ 4.5   5.4   8.5  12.13  9.37  1.27  1.27  5.17]]",9
"[[ 1.3  12.1   6.64  9.59  8.32 -1.55 -1.86 72.9 ]
 [ 2.6   9.5   6.79  9.82  8.5   0.24  1.52 42.24]
 [ 8.4   9.1   6.78  9.8   8.47  0.93  1.82 48.6 ]
 [ 1.3   9.4   6.69  9.67  8.38  0.48 -0.57 49.4 ]
 [ 3.7  10.2   6.73  9.83  8.49  2.62  0.08 53.7 ]
 [ 5.2   8.4   6.84 10.01  8.61  2.55 -0.28  1.07]
 [14.    7.1   6.89  9.99  8.62  1.74  0.81 -0.18]
 [ 4.4   9.1   6.65  9.61  8.3   1.38  1.69 41.47]
 [ 8.1   8.1   6.7   9.75  8.37  0.58  1.5  46.39]]",10
"[[ 1.400e+00  1.040e+01  6.690e+00  9.640e+00  8.370e+00  3.930e+00
   1.000e-02  2.325e+01]
 [ 2.800e+00  9.200e+00  6.880e+00  9.840e+00  8.510e+00 -4.200e-01
  -3.000e-01  4.968e+01]
 [ 8.800e+00  8.900e+00  6.860e+00  9.820e+00  8.480e+00 -1.970e+00
  -6.700e-01  8.230e+01]
 [ 1.400e+00  9.700e+00  6.650e+00  9.660e+00  8.370e+00 -1.100e+00
  -3.900e-01  5.785e+01]
 [ 3.600e+00  1.010e+01  6.700e+00  9.810e+00  8.490e+00  2.040e+00
   1.390e+00  4.131e+01]
 [ 5.100e+00  8.300e+00  6.870e+00  9.980e+00  8.590e+00  7.200e-01
   1.790e+00  5.107e+01]
 [ 1.430e+01  7.000e+00  6.910e+00  9.970e+00  8.610e+00  7.200e-01
   1.040e+00  4.400e+01]
 [ 4.600e+00  8.600e+00  6.630e+00  9.590e+00  8.280e+00  6.600e-01
   7.400e-01  4.243e+01]
 [ 8.000e+00  7.500e+00  6.640e+00  9.760e+00  8.390e+00  2.240e+00
   1.800e-01  4.445e+01]]",10
"[[ 1.300e+00  1.170e+01  6.660e+00  9.610e+00  8.320e+00  1.330e+00
  -7.400e-01  5.598e+01]
 [ 2.900e+00  9.300e+00  6.870e+00  9.830e+00  8.500e+00  3.380e+00
   4.400e-01  5.669e+01]
 [ 7.300e+00  8.700e+00  6.790e+00  9.790e+00  8.450e+00  1.070e+00
  -1.230e+00 -5.600e-01]
 [ 1.300e+00  9.600e+00  6.660e+00  9.640e+00  8.350e+00  1.680e+00
  -1.090e+00  2.970e+00]
 [ 3.600e+00  9.800e+00  6.620e+00  9.790e+00  8.450e+00  9.600e-01
  -1.120e+00  2.375e+01]
 [ 5.100e+00  8.400e+00  6.860e+00  9.990e+00  8.580e+00  1.050e+00
  -1.110e+00  3.369e+01]
 [ 1.380e+01  7.300e+00  6.900e+00  9.940e+00  8.580e+00  7.400e-01
  -1.300e-01  6.371e+01]
 [ 4.400e+00  9.000e+00  6.650e+00  9.580e+00  8.270e+00  1.700e+00
  -3.300e-01  6.300e+01]
 [ 7.900e+00  7.600e+00  6.630e+00  9.720e+00  8.350e+00  1.000e-02
  -8.600e-01  6.678e+01]]",10
"[[ 0.    7.7   7.85 10.96  9.47  0.07 -0.58 49.63]
 [ 0.    8.4   7.92 11.19  9.67  0.63 -0.93 55.37]
 [ 0.    7.1   6.2   8.63  7.41  0.28  2.04 42.62]
 [ 0.    7.8   5.21  7.54  6.36  0.4   1.22 -0.34]
 [ 0.    7.1   6.43  9.48  8.1   0.53 -2.36 -0.5 ]
 [ 0.    8.6   7.38 10.91  9.4   1.96 -5.4  27.49]
 [ 0.    8.    7.43 10.96  9.49 -0.78 -5.23 28.89]
 [ 0.4   6.3   7.59 10.99  9.56 -1.72 -1.01 48.65]
 [ 1.8   6.9   7.91 11.49  9.99 -1.98  0.07 58.55]]",11
"[[ 0.000e+00  7.600e+00  7.830e+00  1.094e+01  9.450e+00  2.000e-02
   5.300e-01  5.360e+01]
 [ 0.000e+00  7.900e+00  7.830e+00  1.114e+01  9.610e+00 -1.680e+00
   1.020e+00  4.758e+01]
 [ 0.000e+00  7.200e+00  6.180e+00  8.600e+00  7.370e+00 -2.060e+00
   3.300e-01  5.120e+01]
 [ 0.000e+00  7.500e+00  5.100e+00  7.360e+00  6.210e+00 -1.890e+00
   2.450e+00  5.586e+01]
 [ 0.000e+00  7.000e+00  6.520e+00  9.620e+00  8.230e+00  6.200e-01
  -7.000e-01  5.272e+01]
 [ 0.000e+00  8.800e+00  7.300e+00  1.088e+01  9.370e+00  1.640e+00
  -1.450e+00  4.881e+01]
 [ 0.000e+00  8.200e+00  7.380e+00  1.094e+01  9.470e+00  8.400e-01
  -1.730e+00  4.985e+01]
 [ 5.000e-01  6.400e+00  7.530e+00  1.102e+01  9.590e+00  5.300e-01
  -9.100e-01  2.830e+00]
 [ 1.700e+00  6.700e+00  7.900e+00  1.149e+01  9.990e+00  3.600e-01
  -1.140e+00  9.560e+00]]",11
"[[ 0.000e+00  8.300e+00  8.040e+00  1.121e+01  9.700e+00  3.990e+00
  -7.590e+00  2.407e+01]
 [ 0.000e+00  8.300e+00  7.850e+00  1.121e+01  9.680e+00  4.250e+00
  -2.750e+00  3.311e+01]
 [ 0.000e+00  7.000e+00  6.180e+00  8.630e+00  7.380e+00  5.200e-01
  -1.780e+00  4.432e+01]
 [ 0.000e+00  7.800e+00  5.200e+00  7.500e+00  6.320e+00 -1.800e-01
  -1.000e-02  4.940e+01]
 [ 0.000e+00  7.000e+00  6.510e+00  9.590e+00  8.180e+00 -1.350e+00
   2.100e-01  4.757e+01]
 [ 0.000e+00  8.700e+00  7.400e+00  1.091e+01  9.390e+00 -6.800e-01
   3.900e-01  4.148e+01]
 [ 0.000e+00  7.900e+00  7.450e+00  1.097e+01  9.490e+00  3.400e-01
  -5.100e-01  4.985e+01]
 [ 4.000e-01  6.400e+00  7.510e+00  1.097e+01  9.560e+00  4.500e-01
   3.200e-01  4.772e+01]
 [ 1.800e+00  6.800e+00  8.000e+00  1.156e+01  1.006e+01  5.400e-01
  -2.810e+00  4.937e+01]]",11
"[[ 1.030e+01  1.080e+01  7.340e+00  1.024e+01  8.720e+00  1.250e+00
  -3.700e+00  4.755e+01]
 [ 1.080e+01  1.010e+01  6.990e+00  9.660e+00  8.240e+00  5.400e-01
  -1.840e+00  4.723e+01]
 [ 1.600e+00  1.580e+01  6.900e+00  9.580e+00  8.230e+00  1.700e-01
  -1.000e+00  4.142e+01]
 [ 4.000e-01  2.050e+01  6.950e+00  9.800e+00  8.450e+00  4.800e-01
  -1.920e+00  4.931e+01]
 [ 1.400e+00  2.150e+01  6.910e+00  9.980e+00  8.600e+00  2.410e+00
  -2.490e+00  4.720e+01]
 [ 2.500e+00  2.530e+01  7.060e+00  1.007e+01  8.630e+00  2.220e+00
  -3.410e+00 -4.800e-01]
 [ 2.000e+00  2.160e+01  7.550e+00  1.068e+01  9.160e+00 -3.000e-02
  -2.630e+00  2.277e+01]
 [ 3.100e+00  1.980e+01  7.270e+00  1.045e+01  8.980e+00 -1.900e+00
  -9.300e-01  2.423e+01]
 [ 8.400e+00  8.800e+00  7.640e+00  1.089e+01  9.270e+00 -1.110e+00
  -5.000e-02  4.601e+01]]",12
"[[ 1.020e+01  1.110e+01  6.840e+00  9.510e+00  8.090e+00  1.500e+00
  -3.750e+00  5.742e+01]
 [ 6.100e+00  1.250e+01  6.060e+00  8.200e+00  6.970e+00  5.930e+00
  -5.520e+00  8.810e+00]
 [ 0.000e+00  1.550e+01  7.040e+00  9.870e+00  8.510e+00  3.210e+00
  -1.830e+00  4.740e+00]
 [ 0.000e+00  1.800e+01  6.740e+00  9.600e+00  8.260e+00 -7.400e-01
  -1.200e-01  2.353e+01]
 [ 6.000e-01  2.380e+01  7.020e+00  1.004e+01  8.670e+00 -7.900e-01
  -3.400e-01  5.868e+01]
 [ 1.900e+00  2.090e+01  7.100e+00  1.011e+01  8.650e+00  2.280e+00
  -8.000e-02  5.200e+01]
 [ 1.900e+00  2.480e+01  7.510e+00  1.070e+01  9.210e+00 -4.800e-01
   3.170e+00  6.094e+01]
 [ 3.500e+00  1.030e+01  7.360e+00  1.061e+01  9.140e+00  1.800e+00
   1.420e+00  4.161e+01]
 [ 1.050e+01  8.400e+00  7.690e+00  1.095e+01  9.350e+00 -4.000e-02
   3.700e-01  4.640e+01]]",12
"[[ 4.700e+00  9.200e+00  6.440e+00  9.160e+00  7.830e+00  6.200e-01
   1.460e+00  7.615e+01]
 [ 4.800e+00  9.300e+00  6.770e+00  9.690e+00  8.290e+00  3.000e-01
  -9.300e-01  5.868e+01]
 [ 3.400e+00  1.100e+01  6.410e+00  9.330e+00  7.950e+00  2.000e-01
  -1.030e+00  6.384e+01]
 [ 5.300e+00  1.010e+01  6.630e+00  9.590e+00  8.210e+00  8.100e-01
  -1.350e+00  4.499e+01]
 [ 7.300e+00  1.010e+01  6.660e+00  9.790e+00  8.380e+00  1.770e+00
  -2.480e+00  2.240e+00]
 [ 1.080e+01  1.370e+01  7.200e+00  1.041e+01  8.880e+00  2.330e+00
  -7.400e-01 -5.000e-02]
 [ 3.100e+01  1.520e+01  6.900e+00  9.980e+00  8.460e+00  4.800e-01
  -2.400e-01  1.780e+00]
 [ 1.020e+01  1.260e+01  6.910e+00  9.920e+00  8.380e+00 -4.300e-01
   7.800e-01  5.688e+01]
 [ 1.620e+01  1.370e+01  6.780e+00  9.780e+00  8.220e+00 -1.270e+00
   7.800e-01  5.779e+01]]",13
"[[ 3.400e+00  1.020e+01  6.520e+00  9.270e+00  7.930e+00  1.730e+00
   7.900e-01  7.862e+01]
 [ 4.700e+00  8.800e+00  6.930e+00  9.880e+00  8.450e+00  9.500e-01
   6.800e-01  5.273e+01]
 [ 3.500e+00  1.110e+01  6.510e+00  9.430e+00  8.020e+00 -6.300e-01
  -8.000e-02  4.367e+01]
 [ 5.000e+00  1.050e+01  6.650e+00  9.690e+00  8.280e+00  3.900e-01
  -3.000e-02  5.282e+01]
 [ 7.100e+00  1.010e+01  6.700e+00  9.860e+00  8.410e+00  4.500e-01
   7.700e-01  4.961e+01]
 [ 1.040e+01  1.440e+01  7.280e+00  1.047e+01  8.920e+00  1.540e+00
   1.250e+00  5.876e+01]
 [ 3.280e+01  1.540e+01  6.900e+00  1.002e+01  8.470e+00  1.600e+00
   3.000e-01 -4.700e-01]
 [ 1.030e+01  1.260e+01  6.980e+00  9.970e+00  8.410e+00  3.000e-02
   9.000e-02 -4.100e-01]
 [ 1.660e+01  1.420e+01  6.840e+00  9.860e+00  8.270e+00  6.400e-01
   5.700e-01  2.802e+01]]",13
"[[ 3.4  10.3   6.61  9.32  7.97  0.4  -6.69 99.27]
 [ 4.7   9.2   6.92  9.82  8.4  -0.36 -0.87 44.47]
 [ 4.1  10.7   6.5   9.4   7.99  0.8  -0.61 45.91]
 [ 5.2  10.2   6.68  9.67  8.26  1.25 -1.59 55.15]
 [ 7.3  10.2   6.76  9.88  8.43  1.59 -1.12 -0.49]
 [10.3  13.8   7.19 10.44  8.89  2.79 -2.87 19.15]
 [23.   15.6   6.93  9.99  8.45 -1.34 -1.99 17.6 ]
 [10.1  12.7   6.85  9.91  8.36 -0.28 -0.52 61.08]
 [16.4  14.    6.83  9.81  8.23 -1.21  0.22 61.4 ]]",13
"[[ 3.4  10.3   6.55  9.24  7.89  4.17 -6.09 24.66]
 [ 4.7   9.1   6.85  9.74  8.32  1.3  -0.14 39.25]
 [ 3.5  11.1   6.45  9.34  7.93 -1.69  0.17 57.1 ]
 [ 5.1  10.7   6.68  9.59  8.19 -1.78 -0.39 79.24]
 [ 7.4  10.1   6.74  9.82  8.37 -1.23 -0.64 61.14]
 [10.7  14.1   7.24 10.39  8.85  0.49 -1.   46.61]
 [30.7  16.1   6.87  9.96  8.43  0.61 -0.19 41.09]
 [10.3  12.5   6.9   9.92  8.37  0.87 -0.74 53.44]
 [16.4  13.9   6.8   9.75  8.19  1.09 -0.74 46.77]]",13
"[[ 2.700e+00  1.680e+01  6.310e+00  9.180e+00  7.930e+00 -5.500e-01
  -2.700e-01  9.981e+01]
 [ 0.000e+00  3.140e+01  6.500e+00  9.550e+00  8.250e+00  6.900e-01
  -7.300e-01  4.568e+01]
 [ 3.000e-01  1.080e+01  7.070e+00  1.038e+01  9.080e+00  1.530e+00
  -1.220e+00  4.707e+01]
 [ 2.000e-01  6.200e+00  6.640e+00  9.910e+00  8.660e+00  8.100e-01
  -9.100e-01  5.181e+01]
 [ 3.600e+00  4.500e+00  7.080e+00  1.047e+01  9.150e+00  1.260e+00
  -1.120e+00 -5.300e-01]
 [ 8.600e+00  4.800e+00  6.520e+00  9.760e+00  8.400e+00  6.800e-01
  -3.200e+00  1.500e+00]
 [ 6.700e+00  6.500e+00  6.440e+00  9.400e+00  8.040e+00 -1.680e+00
  -2.770e+00  1.244e+01]
 [ 3.100e+00  7.100e+00  6.860e+00  9.960e+00  8.570e+00 -1.390e+00
   1.100e-01  4.340e+00]
 [ 4.300e+00  8.200e+00  6.670e+00  9.740e+00  8.330e+00 -6.900e-01
  -6.000e-02  4.919e+01]]",14
"[[ 1.800e+00  2.690e+01  6.380e+00  9.250e+00  7.970e+00  1.900e-01
  -4.370e+00  5.709e+01]
 [ 0.000e+00  3.400e+01  6.410e+00  9.510e+00  8.220e+00  3.120e+00
  -1.180e+00 -3.900e-01]
 [ 3.000e-01  9.400e+00  7.050e+00  1.037e+01  9.070e+00  1.320e+00
  -1.890e+00 -3.200e-01]
 [ 3.000e-01  6.300e+00  6.620e+00  9.870e+00  8.600e+00 -1.540e+00
  -2.110e+00 -3.500e-01]
 [ 3.800e+00  4.500e+00  7.020e+00  1.040e+01  9.080e+00 -6.300e-01
  -1.910e+00  2.123e+01]
 [ 8.400e+00  4.900e+00  6.560e+00  9.700e+00  8.350e+00 -8.800e-01
  -2.730e+00  3.385e+01]
 [ 8.300e+00  6.100e+00  6.450e+00  9.430e+00  8.080e+00 -1.680e+00
  -2.420e+00  1.288e+01]
 [ 3.100e+00  7.200e+00  6.810e+00  9.870e+00  8.490e+00 -2.300e-01
  -3.000e-02  6.078e+01]
 [ 4.300e+00  8.100e+00  6.620e+00  9.680e+00  8.270e+00 -1.240e+00
  -3.400e-01  4.668e+01]]",14
"[[ 1.800e+00  2.100e+01  6.250e+00  9.100e+00  7.860e+00  1.400e+00
  -3.950e+00  8.000e-02]
 [ 0.000e+00  3.390e+01  6.460e+00  9.470e+00  8.180e+00  3.620e+00
  -1.640e+00  2.210e+00]
 [ 1.000e-01  9.700e+00  7.010e+00  1.032e+01  9.030e+00 -5.600e-01
  -4.460e+00  2.410e+00]
 [ 3.000e-01  6.300e+00  6.590e+00  9.810e+00  8.580e+00 -1.350e+00
  -9.500e-01  2.072e+01]
 [ 3.600e+00  4.700e+00  7.020e+00  1.039e+01  9.080e+00 -1.300e+00
  -9.000e-02  4.757e+01]
 [ 8.300e+00  4.900e+00  6.480e+00  9.670e+00  8.330e+00 -1.320e+00
  -3.000e-02  4.813e+01]
 [ 1.310e+01  5.700e+00  6.410e+00  9.410e+00  8.080e+00 -8.100e-01
  -3.800e-01  4.809e+01]
 [ 3.100e+00  7.100e+00  6.770e+00  9.830e+00  8.460e+00 -5.000e-02
  -9.300e-01  3.793e+01]
 [ 4.300e+00  8.100e+00  6.550e+00  9.640e+00  8.250e+00  4.000e-02
  -1.420e+00  5.422e+01]]",14
"[[10.4   9.4   7.13  9.75  8.2   1.37  2.82 60.74]
 [12.9   9.7   6.77  8.99  7.49  0.38  2.43 50.97]
 [ 2.1  11.    5.81  7.94  6.55  1.04 -0.44 50.12]
 [ 1.2  17.9   5.49  7.7   6.36  3.68  1.27 53.12]
 [ 1.4  21.4   5.26  7.75  6.33  2.23 -0.92 47.48]
 [ 0.7  24.1   7.53 10.68  8.93  2.66 -2.91  1.81]
 [ 0.   22.3   7.34 10.47  8.86 -0.13 -3.51  1.88]
 [ 2.3  14.2   7.19 10.28  8.75 -2.81  0.19 46.37]
 [ 7.8   8.9   7.43 10.56  8.96 -1.18 -2.42 52.74]]",15
"[[10.2   9.1   7.17  9.91  8.32 -1.19  1.73 60.47]
 [12.7   9.8   6.72  8.98  7.49 -0.51  2.04 43.3 ]
 [ 1.6  11.6   5.82  7.95  6.56  0.52  1.02 43.97]
 [ 1.3  17.    5.42  7.63  6.28  0.09  1.53 53.65]
 [ 1.3  21.9   5.27  7.77  6.36  1.71 -0.17 50.16]
 [ 0.6  23.8   7.54 10.69  8.93  3.25 -0.9  60.56]
 [ 0.   21.7   7.34 10.46  8.84 -0.41 -2.8  -0.45]
 [ 2.1  16.6   7.19 10.33  8.77 -2.41 -3.02 27.98]
 [ 8.    8.6   7.37 10.52  8.92 -1.95 -2.99 19.24]]",15
"[[ 6.9   9.3   7.31 10.22  8.62  0.79  3.14 99.44]
 [12.3   9.7   6.94  9.39  7.85  0.38  1.82 81.88]
 [ 2.2  13.2   5.77  7.93  6.56  1.69  1.99 52.66]
 [ 1.2  16.3   5.37  7.66  6.32  0.67  2.61 55.31]
 [ 1.4  21.3   5.32  7.79  6.37  2.    0.83 46.23]
 [ 0.6  23.7   7.58 10.66  8.9   1.53 -1.55 -0.48]
 [ 0.   21.6   7.4  10.45  8.83 -1.36 -5.71  6.57]
 [ 2.6  15.    7.21 10.33  8.77 -1.73 -2.56 16.18]
 [ 8.3   9.    7.38 10.59  8.97 -2.   -2.92  1.24]]",15
"[[ 1.030e+01  9.300e+00  7.020e+00  9.720e+00  8.150e+00  8.000e-01
  -8.000e-01 -3.000e-01]
 [ 1.270e+01  1.010e+01  6.780e+00  9.050e+00  7.530e+00  1.370e+00
  -4.300e+00 -5.000e-02]
 [ 1.900e+00  1.110e+01  5.760e+00  7.890e+00  6.500e+00  5.070e+00
  -6.550e+00  7.020e+00]
 [ 1.300e+00  1.720e+01  5.460e+00  7.650e+00  6.300e+00  1.410e+00
  -1.390e+00  2.856e+01]
 [ 1.300e+00  2.210e+01  5.160e+00  7.610e+00  6.220e+00  1.210e+00
  -3.500e+00  5.436e+01]
 [ 7.000e-01  2.380e+01  7.490e+00  1.067e+01  8.930e+00  4.800e-01
  -5.840e+00  6.452e+01]
 [ 0.000e+00  2.170e+01  7.340e+00  1.043e+01  8.820e+00  8.500e-01
   2.000e-02  6.219e+01]
 [ 2.500e+00  1.510e+01  7.170e+00  1.030e+01  8.740e+00  3.050e+00
   1.070e+00  4.659e+01]
 [ 8.400e+00  8.700e+00  7.390e+00  1.055e+01  8.930e+00  1.330e+00
   1.840e+00  4.519e+01]]",15
"[[ 5.400e+00  7.200e+00  6.390e+00  8.980e+00  7.720e+00 -5.940e+00
  -2.820e+00  5.797e+01]
 [ 8.300e+00  9.500e+00  6.370e+00  9.200e+00  7.990e+00 -7.300e-01
  -1.140e+00  4.136e+01]
 [ 8.300e+00  9.900e+00  6.230e+00  9.180e+00  8.030e+00  4.000e-01
   6.000e-02  4.837e+01]
 [ 1.600e+00  8.600e+00  5.860e+00  8.820e+00  7.750e+00  2.300e-01
  -6.900e-01  5.503e+01]
 [ 5.700e+00  6.100e+00  6.540e+00  9.790e+00  8.620e+00  7.000e-02
  -4.250e+00  4.506e+01]
 [ 8.900e+00  7.700e+00  6.660e+00  9.840e+00  8.640e+00  1.730e+00
  -2.090e+00  5.387e+01]
 [ 2.380e+01  7.100e+00  6.340e+00  9.380e+00  8.220e+00  4.000e-02
  -2.320e+00 -4.500e-01]
 [ 7.300e+00  6.800e+00  6.380e+00  9.340e+00  8.180e+00 -4.960e+00
  -1.120e+00 -2.400e-01]
 [ 1.010e+01  4.600e+00  6.460e+00  9.360e+00  8.180e+00 -1.570e+00
  -1.200e+00  5.129e+01]]",16
"[[ 5.500e+00  7.400e+00  6.420e+00  8.970e+00  7.720e+00  2.700e-01
  -7.510e+00  7.703e+01]
 [ 7.900e+00  9.500e+00  6.320e+00  9.160e+00  7.950e+00  2.580e+00
   2.200e-01  5.701e+01]
 [ 7.800e+00  1.000e+01  6.100e+00  9.070e+00  7.930e+00  1.650e+00
  -2.030e+00  7.000e-02]
 [ 1.500e+00  8.700e+00  5.820e+00  8.770e+00  7.690e+00 -7.100e-01
  -9.900e-01  2.790e+00]
 [ 5.700e+00  6.100e+00  6.450e+00  9.750e+00  8.570e+00  7.000e-02
  -4.760e+00  8.000e-02]
 [ 8.900e+00  7.900e+00  6.570e+00  9.760e+00  8.580e+00 -1.210e+00
  -3.020e+00  2.921e+01]
 [ 2.310e+01  7.300e+00  6.380e+00  9.310e+00  8.140e+00 -3.990e+00
  -1.000e-01  3.488e+01]
 [ 7.200e+00  6.300e+00  6.370e+00  9.270e+00  8.120e+00 -2.510e+00
  -5.000e-02  5.491e+01]
 [ 9.800e+00  4.500e+00  6.440e+00  9.390e+00  8.200e+00 -1.910e+00
  -1.000e-01  6.180e+01]]",16
"[[ 4.8   7.6   6.34  8.92  7.67  1.69 -7.56 76.43]
 [ 7.9   9.7   6.25  9.09  7.88  3.02  0.27 -0.52]
 [ 7.5   9.7   6.06  8.95  7.82  0.77 -2.01  0.43]
 [ 1.2   8.4   5.78  8.75  7.68 -2.21 -1.23 17.76]
 [ 5.7   6.1   6.46  9.71  8.53 -3.48 -0.13  5.76]
 [ 8.9   7.9   6.54  9.74  8.55 -2.26 -0.09 15.48]
 [24.8   7.5   6.27  9.23  8.07 -3.73 -0.25 67.76]
 [ 7.2   7.3   6.25  9.23  8.09  1.35 -0.55 51.9 ]
 [10.    4.5   6.42  9.39  8.22 -2.27 -1.32 61.08]]",16
"[[ 3.6   6.5   7.19 10.19  8.78 -3.13 -3.35 46.99]
 [ 6.9  10.6   7.14 10.4   9.06  0.46 -0.9  45.95]
 [12.    8.5   7.11 10.57  9.34  1.59  0.26 42.54]
 [ 2.6   9.1   6.97 10.45  9.27  0.98 -1.02 59.86]
 [ 5.5   6.9   7.12 10.69  9.45  2.16 -2.54 50.76]
 [10.    8.2   7.31 10.71  9.4   2.26 -2.76 -0.56]
 [11.7   9.5   7.34 10.67  9.29 -0.15  0.21  4.98]
 [ 9.7   7.6   7.22 10.41  9.06 -3.48 -1.5   0.36]
 [ 9.4   7.    7.18 10.47  9.09 -2.48 -1.86 18.5 ]]",17
"[[ 3.600e+00  7.400e+00  7.150e+00  1.014e+01  8.720e+00  1.930e+00
  -2.080e+00  4.492e+01]
 [ 7.300e+00  1.020e+01  7.070e+00  1.021e+01  8.920e+00  3.490e+00
  -8.500e-01  5.424e+01]
 [ 1.400e+01  9.100e+00  7.080e+00  1.052e+01  9.290e+00  2.470e+00
  -2.790e+00  4.686e+01]
 [ 3.000e+00  1.190e+01  6.940e+00  1.043e+01  9.250e+00 -3.300e-01
  -1.070e+00  4.280e+00]
 [ 6.200e+00  6.800e+00  7.120e+00  1.069e+01  9.430e+00 -1.660e+00
  -1.980e+00  6.490e+00]
 [ 1.080e+01  6.700e+00  7.240e+00  1.072e+01  9.390e+00 -1.320e+00
  -4.460e+00  1.442e+01]
 [ 1.180e+01  1.020e+01  7.330e+00  1.065e+01  9.260e+00 -1.130e+00
  -7.000e-02  3.280e+01]
 [ 9.800e+00  1.040e+01  7.220e+00  1.040e+01  9.030e+00 -6.500e-01
  -9.000e-02  1.898e+01]
 [ 9.200e+00  7.000e+00  7.260e+00  1.045e+01  9.080e+00  6.800e-01
  -5.000e-02  6.591e+01]]",17
"[[ 3.400e+00  6.700e+00  7.200e+00  1.018e+01  8.760e+00 -6.300e-01
  -1.510e+00  1.442e+01]
 [ 7.000e+00  1.040e+01  7.160e+00  1.043e+01  9.070e+00 -1.540e+00
  -2.000e-02  5.798e+01]
 [ 1.100e+01  9.300e+00  7.130e+00  1.055e+01  9.310e+00 -4.240e+00
  -4.000e-02  5.975e+01]
 [ 2.300e+00  8.300e+00  6.940e+00  1.043e+01  9.260e+00 -3.920e+00
   1.000e-01  6.267e+01]
 [ 6.200e+00  6.600e+00  7.160e+00  1.069e+01  9.440e+00  5.200e-01
  -4.900e-01  3.783e+01]
 [ 1.100e+01  6.600e+00  7.270e+00  1.073e+01  9.400e+00  4.300e-01
  -1.400e+00  4.673e+01]
 [ 1.210e+01  9.800e+00  7.390e+00  1.067e+01  9.270e+00  4.700e-01
   1.820e+00  4.640e+01]
 [ 9.800e+00  8.900e+00  7.230e+00  1.040e+01  9.040e+00  6.300e-01
  -6.300e-01  4.977e+01]
 [ 8.600e+00  8.500e+00  7.230e+00  1.047e+01  9.100e+00  6.100e-01
  -1.880e+00  4.442e+01]]",17
"[[ 2.9  10.6   6.77  9.99  8.42 -5.26 -0.99 44.48]
 [ 4.2  12.7   7.62 10.9   9.28  0.69 -0.66 48.7 ]
 [ 8.3  11.7   7.65 10.86  9.31  1.35 -1.73 48.58]
 [ 8.3  13.1   7.49 10.61  9.15  1.33 -3.22 48.4 ]
 [ 6.9  11.1   7.47 10.82  9.34  1.04 -2.53  0.35]
 [ 6.3   8.7   7.59 10.92  9.42  1.39 -1.72 -0.19]
 [15.2   8.7   7.56 10.92  9.46 -0.87 -2.42 12.37]
 [ 8.1   8.2   7.35 10.72  9.27 -2.26 -0.11 47.92]
 [13.6   9.5   7.4  10.72  9.21  1.81 -0.06 43.67]]",18
"[[ 2.9  10.5   6.94 10.2   8.63  2.77 -1.31 52.34]
 [ 4.1  12.8   7.63 10.89  9.28  3.02 -1.32 62.21]
 [ 9.1  11.8   7.61 10.83  9.28  2.65 -3.07 -0.15]
 [ 8.2  12.8   7.37 10.6   9.12  1.39 -2.74  0.54]
 [ 6.8  11.    7.46 10.8   9.32  2.33 -2.89 17.75]
 [ 6.2   8.6   7.58 10.9   9.4  -2.18 -2.41 35.13]
 [17.3   8.9   7.53 10.88  9.42 -1.38 -2.72 16.18]
 [ 8.3   8.6   7.28 10.65  9.2  -0.31 -0.2  62.88]
 [13.5   9.    7.39 10.71  9.18  1.52 -0.52 41.16]]",18
"[[ 2.800e+00  1.060e+01  6.800e+00  1.004e+01  8.450e+00  5.000e+00
  -1.170e+00  6.470e+00]
 [ 4.100e+00  1.270e+01  7.540e+00  1.088e+01  9.260e+00  1.530e+00
  -2.380e+00  2.344e+01]
 [ 8.100e+00  1.170e+01  7.570e+00  1.083e+01  9.280e+00 -1.360e+00
  -1.020e+00  2.040e+01]
 [ 8.100e+00  1.300e+01  7.390e+00  1.060e+01  9.110e+00 -1.950e+00
   1.700e-01  6.042e+01]
 [ 6.900e+00  1.110e+01  7.560e+00  1.082e+01  9.340e+00 -2.730e+00
  -2.250e+00  3.973e+01]
 [ 6.400e+00  8.600e+00  7.640e+00  1.091e+01  9.400e+00 -2.980e+00
  -6.200e-01  6.411e+01]
 [ 1.630e+01  9.000e+00  7.550e+00  1.090e+01  9.420e+00 -1.770e+00
  -4.000e-02  6.482e+01]
 [ 8.200e+00  8.700e+00  7.230e+00  1.060e+01  9.160e+00  9.900e-01
   2.000e-01  5.893e+01]
 [ 1.340e+01  8.900e+00  7.340e+00  1.067e+01  9.160e+00  5.800e-01
  -1.600e+00  4.617e+01]]",18
"[[ 8.8  10.1   6.57  9.76  8.39 -4.79 -2.72 37.28]
 [10.5   6.7   7.54 10.92  9.42 -5.16 -0.11 52.86]
 [11.5   8.4   7.53 10.69  9.11  0.46 -1.23 47.22]
 [12.5   7.    7.33 10.48  8.95  0.45 -0.98 54.75]
 [ 9.3   8.5   7.49 10.83  9.31  0.68 -2.4  53.3 ]
 [ 9.6   9.    7.62 11.    9.5   0.77 -1.45 -0.47]
 [12.9   9.    7.58 10.96  9.6   1.14 -1.25 16.02]
 [ 8.2   9.2   7.27 10.66  9.29 -3.57 -2.4  18.62]
 [11.9  14.9   7.38 10.76  9.37  1.33 -0.3  54.92]]",19
"[[ 8.9  10.2   6.5   9.76  8.39 -4.13 -0.14 49.42]
 [10.3   6.7   7.56 10.92  9.4  -1.93 -0.06 38.19]
 [11.6   8.4   7.52 10.69  9.1  -5.2  -0.16 56.09]
 [12.5   7.1   7.36 10.49  8.97 -1.42 -0.34 47.71]
 [ 9.3   8.5   7.49 10.82  9.3  -1.98 -0.68 44.6 ]
 [ 9.5   9.    7.56 10.99  9.51 -0.16 -1.03 51.15]
 [ 9.3   9.6   7.53 10.96  9.6   0.52  4.14 52.97]
 [ 8.1   9.4   7.27 10.63  9.27  0.35  2.54 53.56]
 [11.9  14.8   7.32 10.74  9.35 -0.19 -3.88 44.51]]",19
"[[ 9.   10.3   6.57  9.82  8.45 -6.2  -0.4  46.69]
 [10.3   6.6   7.63 10.98  9.48 -4.6   0.15 48.79]
 [11.    8.4   7.5  10.76  9.17  0.71 -0.54 43.35]
 [12.5   7.1   7.39 10.52  9.    0.56 -0.56 54.4 ]
 [ 9.5   8.4   7.5  10.85  9.33  0.98  0.61 58.97]
 [ 9.4   8.9   7.61 10.98  9.49  0.58 -3.35 54.05]
 [ 9.1   9.5   7.54 10.96  9.6   0.4   0.32  4.32]
 [ 8.    9.3   7.3  10.67  9.3  -1.53 -2.92  6.13]
 [11.7  14.5   7.38 10.72  9.33 -1.9  -1.83  5.55]]",19
"[[ 7.500e+00  8.500e+00  7.720e+00  1.072e+01  9.140e+00 -2.740e+00
  -1.020e+00  4.750e+01]
 [ 1.700e+00  9.300e+00  7.230e+00  1.005e+01  8.530e+00  2.110e+00
   7.000e-02  6.158e+01]
 [ 0.000e+00  1.390e+01  7.040e+00  1.008e+01  8.680e+00  1.140e+00
  -1.680e+00  5.633e+01]
 [ 0.000e+00  1.440e+01  6.760e+00  9.950e+00  8.630e+00  7.400e-01
  -4.080e+00  5.147e+01]
 [ 0.000e+00  1.300e+01  6.900e+00  1.037e+01  9.010e+00 -1.000e-01
  -3.430e+00  5.219e+01]
 [ 0.000e+00  9.500e+00  7.070e+00  1.031e+01  8.900e+00  8.000e-01
  -5.880e+00  8.200e-01]
 [ 0.000e+00  8.200e+00  7.450e+00  1.068e+01  9.240e+00  2.300e-01
  -7.700e+00 -4.300e-01]
 [ 5.000e-01  8.400e+00  7.440e+00  1.078e+01  9.370e+00 -3.410e+00
  -3.250e+00  1.000e-02]
 [ 2.200e+00  8.000e+00  7.560e+00  1.090e+01  9.380e+00 -9.300e-01
  -1.110e+00  4.703e+01]]",20
"[[ 7.4   8.5   7.76 10.81  9.24  0.7  -2.21 47.1 ]
 [ 1.9   9.3   7.28 10.18  8.68  6.48 -0.73 57.55]
 [ 0.   13.6   7.   10.16  8.78  2.47 -3.2  50.02]
 [ 0.   14.5   6.77 10.    8.69  0.72 -5.06 -0.51]
 [ 0.   13.3   6.94 10.33  8.99 -1.15 -4.77 -0.48]
 [ 0.    9.2   7.07 10.32  8.92 -0.99 -4.14 17.57]
 [ 0.    8.2   7.51 10.75  9.3  -5.17 -5.83 10.7 ]
 [ 0.7   8.6   7.53 10.78  9.36 -2.48 -1.32 11.73]
 [ 2.3   8.    7.65 10.94  9.43  0.47 -2.47 39.39]]",20
"[[ 7.5   8.6   7.82 10.79  9.2   0.46 -3.45 45.4 ]
 [ 1.6   9.3   7.23 10.11  8.6   3.66  0.19 60.22]
 [ 0.   13.4   7.03 10.11  8.71  0.44 -0.79 52.86]
 [ 0.   14.4   6.78  9.96  8.64  0.69 -4.56 -0.44]
 [ 0.   14.    6.81 10.27  8.92 -2.23 -2.8   0.51]
 [ 0.    8.2   7.08 10.38  8.98 -0.33 -2.46  9.48]
 [ 0.    9.2   7.4  10.69  9.28  1.9  -2.5  -0.39]
 [ 0.7   8.5   7.45 10.8   9.39 -1.42 -3.68  8.94]
 [ 2.2   8.1   7.55 10.92  9.41 -1.1  -1.41 46.14]]",20
"[[ 2.9   8.4   8.85 12.09 10.03  0.51 -2.78 44.64]
 [ 8.5   9.8   9.04 12.51 10.44  0.53 -2.62 51.42]
 [ 8.7  11.5   9.16 12.72 10.76  0.22 -0.3  53.95]
 [ 3.5  13.    8.78 12.23 10.43  1.17 -1.19 45.61]
 [ 4.5  13.4   8.7  12.19 10.47  1.21 -2.71 -0.5 ]
 [ 1.9   8.8   9.07 12.79 10.95  1.56 -2.29 13.24]
 [ 0.1   9.1   9.14 12.85 11.01 -1.17 -8.85 22.45]
 [ 2.7  11.4   9.08 12.78 10.99  2.62 -1.44 48.55]
 [ 7.5  14.    9.33 13.13 11.27  0.19 -1.61 53.89]]",21
"[[ 4.600e+00  8.600e+00  9.140e+00  1.262e+01  1.063e+01 -1.280e+00
  -7.100e-01  4.799e+01]
 [ 1.230e+01  9.500e+00  9.170e+00  1.279e+01  1.078e+01  2.000e-02
  -2.500e-01  6.335e+01]
 [ 2.250e+01  9.800e+00  9.180e+00  1.283e+01  1.094e+01  9.700e-01
  -2.000e-02  4.227e+01]
 [ 2.040e+01  1.110e+01  8.810e+00  1.234e+01  1.057e+01  1.000e+00
  -1.100e-01  4.594e+01]
 [ 1.480e+01  1.180e+01  8.570e+00  1.211e+01  1.039e+01  1.240e+00
   3.900e-01  4.370e+01]
 [ 6.600e+00  9.100e+00  8.910e+00  1.258e+01  1.075e+01  5.600e-01
   1.350e+00  5.085e+01]
 [ 0.000e+00  9.400e+00  8.910e+00  1.254e+01  1.068e+01  3.260e+00
  -7.400e-01  4.554e+01]
 [ 1.700e+00  1.510e+01  9.000e+00  1.260e+01  1.076e+01  5.600e-01
  -3.430e+00  4.770e+01]
 [ 4.800e+00  1.630e+01  9.250e+00  1.301e+01  1.111e+01  3.700e-01
  -2.150e+00  4.524e+01]]",21
"[[ 1.9   8.6   8.47 11.64  9.52  0.52 -2.39 46.19]
 [ 5.2   9.3   9.04 12.5  10.41  1.1  -3.16 51.65]
 [ 7.7  11.3   9.28 12.81 10.86  0.33  0.43 52.96]
 [ 2.9  10.6   8.81 12.29 10.5   0.14 -1.91 47.85]
 [ 3.6  10.7   8.78 12.3  10.58  2.44  0.1  48.34]
 [ 2.5   8.5   9.16 12.95 11.1   1.74 -2.34  0.65]
 [ 0.6   8.6   9.17 12.97 11.08  0.14 -8.42 41.98]
 [ 3.7  10.6   9.15 12.86 11.05  1.38 -1.06 42.19]
 [ 8.7  11.    9.34 13.15 11.29  0.55 -1.48 40.31]]",21
"[[ 2.300e+00  8.100e+00  8.620e+00  1.246e+01  1.090e+01  2.500e-01
  -1.020e+00  4.372e+01]
 [ 5.700e+00  9.400e+00  8.820e+00  1.276e+01  1.118e+01  3.800e-01
  -2.800e+00  5.075e+01]
 [ 6.900e+00  7.800e+00  8.890e+00  1.273e+01  1.109e+01  4.100e-01
  -1.540e+00  4.991e+01]
 [ 1.400e+00  9.300e+00  8.600e+00  1.224e+01  1.069e+01 -1.000e-02
  -2.820e+00  4.838e+01]
 [ 3.900e+00  8.700e+00  8.340e+00  1.203e+01  1.053e+01  5.700e-01
  -2.270e+00 -4.900e-01]
 [ 6.000e+00  1.030e+01  8.720e+00  1.251e+01  1.086e+01  1.530e+00
  -1.470e+00  9.660e+00]
 [ 2.000e+00  6.700e+00  8.960e+00  1.263e+01  1.092e+01 -7.500e-01
  -5.330e+00  4.257e+01]
 [ 1.400e+00  4.900e+00  8.770e+00  1.231e+01  1.063e+01  3.590e+00
  -1.260e+00  5.115e+01]
 [ 3.200e+00  8.400e+00  8.930e+00  1.262e+01  1.087e+01  1.400e+00
  -1.560e+00  5.142e+01]]",22
"[[ 1.1   6.7   8.51 12.28 10.75 -2.15  1.87 42.85]
 [ 1.8   7.1   8.74 12.59 11.01  0.27 -0.99 42.25]
 [ 1.5   9.    8.97 12.69 11.07  0.46  0.22 45.62]
 [ 0.4  10.1   8.55 12.16 10.63  0.08  0.07 49.09]
 [ 2.7  10.4   8.45 12.13 10.64  0.82  0.75 49.38]
 [ 5.1   8.7   8.79 12.64 11.    0.96  0.06 -0.51]
 [ 3.7   6.9   9.   12.68 10.99  1.34 -6.62 -0.49]
 [ 3.3   9.2   8.86 12.46 10.81 -0.76 -0.78 20.12]
 [ 6.6   6.9   8.95 12.68 10.95  0.08 -1.13 37.37]]",22
"[[ 1.1   6.7   8.6  12.32 10.8  -2.04 -1.22 49.54]
 [ 1.7   7.2   8.81 12.72 11.11  0.86 -2.94 49.53]
 [ 1.1   9.1   8.93 12.73 11.1   0.56  1.45 53.79]
 [ 0.5  10.1   8.57 12.12 10.6  -0.14 -0.34 46.7 ]
 [ 2.5  10.2   8.4  12.11 10.61  1.32 -1.15 -0.2 ]
 [ 5.1   9.    8.84 12.57 10.94  0.06 -1.13  3.49]
 [ 3.4   6.6   9.06 12.7  10.81 -0.27 -3.31 10.96]
 [ 3.5   9.9   8.85 12.37 10.7   2.05 -0.3  37.91]
 [ 6.5   7.1   9.04 12.67 10.95  0.61 -1.26 56.75]]",22
"[[ 4.300e+00  7.500e+00  8.810e+00  1.260e+01  1.101e+01  2.010e+00
  -6.400e-01  3.912e+01]
 [ 1.010e+01  7.400e+00  8.880e+00  1.277e+01  1.116e+01  2.090e+00
  -4.700e-01  6.010e+01]
 [ 1.620e+01  6.600e+00  8.900e+00  1.267e+01  1.104e+01  2.900e-01
  -1.050e+00  7.319e+01]
 [ 2.900e+00  7.900e+00  8.510e+00  1.213e+01  1.059e+01  1.620e+00
  -1.000e-02  4.440e+01]
 [ 5.000e+00  7.300e+00  8.330e+00  1.193e+01  1.040e+01  2.500e-01
  -2.600e-01  4.099e+01]
 [ 3.800e+00  9.200e+00  8.580e+00  1.223e+01  1.057e+01  3.200e-01
  -4.600e-01  3.904e+01]
 [ 0.000e+00  8.000e+00  8.730e+00  1.217e+01  1.047e+01  2.490e+00
   3.000e-02  5.209e+01]
 [ 3.000e-01  3.900e+00  8.670e+00  1.214e+01  1.042e+01  4.400e-01
  -2.340e+00  4.849e+01]
 [ 1.200e+00  8.800e+00  9.000e+00  1.262e+01  1.080e+01  1.700e-01
  -1.030e+00  5.466e+01]]",22
"[[ 0.1   5.6   8.28 11.78 10.22  2.36 -5.61 59.28]
 [ 3.6   6.2   8.48 12.14 10.57 -0.51 -3.05 48.36]
 [ 9.9   5.1   8.49 12.11 10.56  0.22 -0.44 38.06]
 [ 9.5   5.4   8.22 11.77 10.3   0.54 -0.53 50.09]
 [ 7.4   8.8   8.1  11.76 10.3   3.75  1.72 55.47]
 [12.8   5.7   8.48 12.2  10.64 -0.43 -0.64  8.26]
 [28.   11.    8.54 12.22 10.62 -0.65  0.41  2.12]
 [15.9   6.6   8.32 12.09 10.49  1.12 -1.07  5.69]
 [15.2   4.7   8.5  12.33 10.68  0.15  0.29 44.91]]",23
"[[ 0.    7.7   8.33 11.86 10.32  2.22 -1.46 63.19]
 [ 3.9  11.5   8.5  12.22 10.66  0.16 -2.95 45.12]
 [ 9.2   6.5   8.47 12.12 10.59  0.63  0.1  41.51]
 [ 9.6   5.8   8.17 11.79 10.35  2.08  0.14 52.64]
 [ 7.7   7.7   8.09 11.77 10.33  1.41  0.49 57.38]
 [12.3   5.9   8.44 12.18 10.64  1.82  3.31 -0.48]
 [19.7  10.2   8.53 12.21 10.62  0.08 -2.56  8.54]
 [16.2  11.6   8.29 12.04 10.46  2.62 -1.76  6.81]
 [15.6   5.1   8.41 12.26 10.62 -0.61  1.26 30.08]]",23
"[[ 3.6   8.6   8.45 12.09 10.56  2.86 -1.72 46.46]
 [ 6.4   9.1   8.63 12.38 10.84 -0.07 -1.92 -0.48]
 [13.5   7.    8.45 12.13 10.64  5.43 -0.95  1.9 ]
 [19.2   7.8   8.09 11.68 10.27  2.28  0.61  2.84]
 [13.9   7.3   7.68 11.22  9.83  5.17  4.3  49.52]
 [17.3   6.8   7.88 11.35  9.88  1.81 -0.06 17.31]
 [25.1   8.    7.75 11.19  9.69  1.34 -0.79 43.42]
 [10.3   6.3   7.97 11.57 10.    3.99 -1.15 48.03]
 [ 9.4   6.2   8.18 11.9  10.25  1.08 -1.14 57.16]]",23
"[[ 0.    9.    7.34 10.79  9.38  0.5  -2.96 49.47]
 [ 2.    8.5   7.51 10.96  9.51  0.42 -3.58 50.95]
 [ 4.7   8.9   7.39 10.88  9.46  0.11  0.67 52.26]
 [ 2.9   8.9   7.01 10.28  8.99 -0.13 -2.41 -0.48]
 [ 1.6   9.2   6.73 10.09  8.85  0.38 -0.71 -0.52]
 [ 0.    8.9   7.07 10.61  9.24  1.2  -0.6   6.12]
 [ 0.    8.    7.25 10.75  9.31 -2.27 -4.92 19.37]
 [ 0.    9.2   7.15 10.59  9.16  0.65 -0.94 40.84]
 [ 0.3  10.4   7.45 10.9   9.4   2.94 -1.17 63.16]]",24
"[[ 0.000e+00  8.600e+00  7.250e+00  1.071e+01  9.290e+00 -3.740e+00
   4.380e+00  7.409e+01]
 [ 2.000e-01  8.700e+00  7.310e+00  1.068e+01  9.260e+00 -1.100e-01
  -1.000e-01  6.779e+01]
 [ 1.400e+00  9.300e+00  7.370e+00  1.071e+01  9.300e+00  8.700e-01
  -9.000e-02  4.407e+01]
 [ 0.000e+00  8.200e+00  6.730e+00  9.960e+00  8.690e+00  1.430e+00
  -3.000e-01  4.305e+01]
 [ 0.000e+00  1.050e+01  6.550e+00  9.920e+00  8.680e+00  8.300e-01
  -3.900e-01  4.910e+01]
 [ 0.000e+00  9.300e+00  6.660e+00  1.025e+01  8.920e+00  3.800e-01
   3.000e-02  4.876e+01]
 [ 0.000e+00  8.400e+00  7.380e+00  1.077e+01  9.340e+00  6.700e-01
  -3.980e+00  5.222e+01]
 [ 0.000e+00  8.900e+00  7.430e+00  1.097e+01  9.530e+00 -3.400e-01
  -1.090e+00  4.716e+01]
 [ 1.900e+00  1.000e+01  7.480e+00  1.100e+01  9.530e+00  1.000e-01
  -4.000e-01  5.298e+01]]",24
"[[ 1.7   8.3   6.8   9.77  8.6   4.39 -0.81  9.3 ]
 [ 5.7   8.1   7.38 10.85  9.42  3.14  0.18  8.04]
 [ 9.3   8.8   7.2  10.54  9.17  1.72 -0.34 42.31]
 [ 2.4   8.4   6.82  9.96  8.72  0.7   1.58 44.15]
 [ 0.    8.9   6.5   9.72  8.52  3.61  1.12 36.42]
 [ 0.    8.6   6.66  9.92  8.66  3.12 -0.34 69.38]
 [ 0.    8.4   6.55  9.57  8.35  2.8  -0.19 42.02]
 [ 0.    9.9   7.01 10.54  9.11  2.73 -1.37 53.64]
 [ 0.   12.4   7.35 10.64  9.16  0.41 -0.55 48.31]]",24
"[[ 2.600e+00  6.200e+00  7.190e+00  1.010e+01  8.880e+00 -6.400e-01
   1.200e-01  9.962e+01]
 [ 2.800e+00  1.070e+01  7.320e+00  1.071e+01  9.180e+00  1.600e-01
  -1.030e+00  4.831e+01]
 [ 5.000e-01  1.240e+01  7.360e+00  1.076e+01  9.250e+00  7.300e-01
  -5.600e-01  5.005e+01]
 [ 0.000e+00  1.340e+01  7.120e+00  1.044e+01  9.020e+00  4.800e-01
   1.600e-01  5.038e+01]
 [ 1.100e+00  1.050e+01  7.020e+00  1.040e+01  9.010e+00  1.230e+00
  -1.940e+00  4.983e+01]
 [ 2.300e+00  1.050e+01  7.400e+00  1.092e+01  9.420e+00  9.700e-01
  -9.000e-02 -2.300e-01]
 [ 6.100e+00  8.300e+00  7.740e+00  1.122e+01  9.680e+00 -5.600e-01
  -7.580e+00  1.224e+01]
 [ 3.900e+00  6.900e+00  7.540e+00  1.099e+01  9.510e+00  7.500e-01
  -1.070e+00  1.191e+01]
 [ 5.400e+00  7.200e+00  7.420e+00  1.107e+01  9.610e+00  2.130e+00
  -1.140e+00  5.046e+01]]",25
"[[ 0.    7.    7.31 10.48  8.95  0.81  3.13 28.6 ]
 [ 0.2   9.6   7.38 10.75  9.21 -0.71  0.81 68.52]
 [ 0.   12.9   7.36 10.84  9.35 -0.87 -0.07 45.91]
 [ 0.1  12.8   7.   10.43  9.09 -0.4  -0.62 42.51]
 [ 2.    7.8   6.96 10.44  9.1   0.78 -0.53 43.15]
 [ 5.   10.8   7.37 10.94  9.48  1.2  -0.49 47.34]
 [ 8.1   7.7   7.63 11.23  9.69  0.54 -2.4  52.45]
 [ 8.8   8.8   7.5  11.05  9.56  0.5  -0.99 45.27]
 [10.2   7.8   7.4  11.05  9.59 -0.12  0.12 51.24]]",25
"[[ 9.000e-01  5.500e+00  7.270e+00  1.036e+01  8.830e+00 -5.180e+00
   2.000e-02  6.895e+01]
 [ 5.000e-01  5.600e+00  7.310e+00  1.060e+01  9.040e+00  7.700e-01
  -3.200e-01  5.226e+01]
 [ 0.000e+00  8.500e+00  7.330e+00  1.068e+01  9.160e+00  5.400e-01
   5.700e-01  4.648e+01]
 [ 0.000e+00  8.400e+00  7.060e+00  1.035e+01  8.950e+00  4.900e-01
  -1.800e-01  4.928e+01]
 [ 1.200e+00  9.900e+00  7.050e+00  1.042e+01  9.040e+00  5.600e-01
   2.700e+00  4.499e+01]
 [ 3.100e+00  9.000e+00  7.440e+00  1.097e+01  9.470e+00  5.100e-01
   1.500e+00  5.176e+01]
 [ 1.300e+01  8.900e+00  7.760e+00  1.127e+01  9.710e+00  1.190e+00
  -5.920e+00  4.534e+01]
 [ 6.500e+00  7.900e+00  7.520e+00  1.101e+01  9.520e+00  1.000e-01
  -7.200e-01 -4.700e-01]
 [ 1.020e+01  8.500e+00  7.480e+00  1.106e+01  9.580e+00 -1.110e+00
  -1.900e-01  1.440e+00]]",25
"[[ 1.000e-01  9.300e+00  6.880e+00  1.022e+01  8.680e+00  5.700e-01
  -2.640e+00  5.486e+01]
 [ 9.000e-01  1.130e+01  7.030e+00  1.038e+01  8.810e+00  1.500e-01
  -2.580e+00  5.120e+01]
 [ 1.500e+00  9.800e+00  6.910e+00  1.025e+01  8.730e+00  5.500e-01
   9.600e-01  5.071e+01]
 [ 1.600e+00  9.200e+00  6.520e+00  9.730e+00  8.360e+00  2.400e-01
  -4.800e-01  4.492e+01]
 [ 2.600e+00  7.900e+00  6.390e+00  9.660e+00  8.320e+00  2.500e-01
   1.300e-01 -5.000e-02]
 [ 2.600e+00  8.500e+00  6.750e+00  1.022e+01  8.700e+00  8.600e-01
   8.700e-01  7.740e+00]
 [ 1.000e-01  7.500e+00  6.970e+00  1.029e+01  8.800e+00 -2.900e-01
  -5.310e+00  3.570e+00]
 [ 1.100e+00  8.200e+00  7.050e+00  1.036e+01  8.770e+00  1.000e+00
  -3.000e-01  5.609e+01]
 [ 3.200e+00  8.300e+00  7.010e+00  1.037e+01  8.730e+00  1.910e+00
  -1.100e-01  4.539e+01]]",26
"[[ 1.4  11.    6.97 10.27  8.76  1.99  0.61 50.84]
 [ 3.6   8.8   6.84 10.15  8.63  2.44 -0.49 51.69]
 [ 6.4   8.8   6.8  10.06  8.59  1.5  -0.15 43.5 ]
 [ 4.3   8.5   6.59  9.66  8.31  1.84 -0.2  53.02]
 [ 4.    8.5   6.27  9.45  8.13  0.49 -0.2  48.89]
 [ 2.7   8.    6.51  9.85  8.4   1.1  -0.78 43.12]
 [ 0.    7.    6.9  10.25  8.65  0.53  0.49 53.71]
 [ 0.3   7.8   6.77 10.05  8.48  0.48 -2.34 45.77]
 [ 0.9   9.8   6.94 10.34  8.69 -0.22 -0.19 42.03]]",26
"[[ 0.000e+00  1.920e+01  6.860e+00  1.006e+01  8.540e+00  8.200e-01
  -4.000e-02  3.300e+01]
 [ 0.000e+00  1.410e+01  6.930e+00  1.014e+01  8.620e+00  5.000e-02
  -1.700e-01  7.012e+01]
 [ 6.000e-01  9.800e+00  6.920e+00  1.016e+01  8.670e+00  1.070e+00
  -1.300e-01  4.577e+01]
 [ 8.000e-01  7.700e+00  6.620e+00  9.760e+00  8.410e+00  1.150e+00
  -3.000e-01  4.173e+01]
 [ 2.500e+00  7.200e+00  6.520e+00  9.770e+00  8.450e+00  1.380e+00
  -1.090e+00  4.228e+01]
 [ 4.200e+00  8.000e+00  6.860e+00  1.030e+01  8.850e+00  5.000e-01
  -1.670e+00  4.761e+01]
 [ 2.500e+00  7.800e+00  7.120e+00  1.056e+01  9.010e+00 -8.100e-01
  -2.160e+00  4.616e+01]
 [ 2.700e+00  8.600e+00  6.960e+00  1.025e+01  8.730e+00  4.500e-01
  -5.700e-01  4.839e+01]
 [ 6.700e+00  8.700e+00  6.910e+00  1.035e+01  8.770e+00  5.000e-01
   3.300e-01  4.526e+01]]",26
"[[ 3.1  11.3   7.25 10.41  9.07 -1.   -6.99 46.75]
 [ 7.   10.4   7.24 10.71  9.31  0.67 -3.13 45.71]
 [12.2   9.    7.1  10.56  9.21  0.27  0.9  46.87]
 [ 7.5   9.7   6.74 10.14  8.86  0.73 -0.96 51.54]
 [ 9.6  11.3   6.37  9.76  8.49  0.99  1.35 41.98]
 [17.2   9.7   6.67 10.23  8.72 -1.1   1.64 47.61]
 [18.6   9.3   6.78 10.05  8.41 -1.03 -3.84 17.7 ]
 [ 4.6  13.1   6.28  9.27  7.63  0.77 -0.85  8.06]
 [ 3.1  14.4   6.61  9.76  8.05  1.02 -0.52 15.6 ]]",27
"[[ 4.8   8.6   7.27 10.47  9.14  0.63 -3.56 51.22]
 [ 9.8  10.    7.28 10.69  9.32  0.29  0.41 52.63]
 [14.3   8.4   7.15 10.56  9.21  0.42  1.04 36.48]
 [11.4   8.2   6.76 10.23  8.93  3.34  0.85 46.65]
 [11.3   9.7   6.37  9.75  8.47 -0.89 -0.31 -0.48]
 [18.5   9.7   6.57 10.02  8.52  1.55  0.93  9.17]
 [ 8.6  12.3   6.27  9.46  7.82 -0.32 -1.6  17.04]
 [ 1.7  13.8   6.15  9.11  7.35 -0.55  0.98 44.14]
 [ 1.5  17.1   6.63  9.73  8.    3.46 -0.09 64.87]]",27
"[[ 6.000e+00  9.900e+00  7.220e+00  1.052e+01  9.180e+00  3.930e+00
   1.170e+00  1.980e+00]
 [ 1.100e+01  1.100e+01  7.250e+00  1.075e+01  9.350e+00  5.530e+00
   1.040e+00  3.033e+01]
 [ 2.260e+01  1.060e+01  7.070e+00  1.063e+01  9.280e+00  6.360e+00
  -2.700e-01  4.619e+01]
 [ 1.750e+01  9.800e+00  6.790e+00  1.026e+01  8.960e+00  2.850e+00
  -2.400e-01  4.106e+01]
 [ 1.410e+01  9.600e+00  6.310e+00  9.590e+00  8.360e+00  6.390e+00
  -3.200e-01  6.317e+01]
 [ 2.160e+01  9.800e+00  6.350e+00  9.770e+00  8.340e+00  5.760e+00
  -4.900e-01  5.789e+01]
 [ 2.600e+00  1.020e+01  6.020e+00  8.930e+00  7.310e+00  1.790e+00
   1.000e-02  3.156e+01]
 [ 6.000e-01  1.540e+01  6.020e+00  8.870e+00  7.100e+00  3.690e+00
  -2.490e+00  5.067e+01]
 [ 5.000e-01  1.540e+01  6.880e+00  9.920e+00  8.170e+00  5.400e-01
   5.000e-02  5.179e+01]]",27
"[[ 1.200e+00  1.500e+01  6.220e+00  9.450e+00  8.140e+00  7.900e-01
  -6.230e+00  3.630e+01]
 [ 4.200e+00  9.800e+00  6.330e+00  9.700e+00  8.320e+00  3.800e-01
   3.500e-01  4.627e+01]
 [ 7.400e+00  9.500e+00  6.150e+00  9.560e+00  8.220e+00  4.800e-01
   2.260e+00  4.934e+01]
 [ 7.800e+00  1.120e+01  5.890e+00  9.240e+00  7.990e+00  4.400e-01
   1.220e+00  4.964e+01]
 [ 1.040e+01  9.100e+00  5.850e+00  9.200e+00  8.010e+00  1.220e+00
   8.000e-01  4.953e+01]
 [ 1.500e+01  8.800e+00  6.080e+00  9.450e+00  8.240e+00  1.060e+00
   4.390e+00 -5.000e-01]
 [ 2.170e+01  7.600e+00  6.130e+00  9.420e+00  8.260e+00 -3.800e-01
  -4.080e+00  9.500e+00]
 [ 1.680e+01  9.700e+00  6.070e+00  8.980e+00  7.970e+00  8.300e-01
   3.000e-02  2.451e+01]
 [ 1.420e+01  1.370e+01  5.740e+00  8.530e+00  7.650e+00 -1.000e-02
   1.430e+00  5.070e+01]]",28
"[[ 4.6   9.7   6.22  9.38  8.12  1.   -3.79 38.51]
 [ 8.4   9.    6.19  9.53  8.19  1.4  -3.66 45.27]
 [11.4   8.3   6.09  9.52  8.14  0.51  0.21 45.21]
 [ 8.5   8.8   5.82  9.17  7.87  0.38  0.17 45.59]
 [10.   10.6   5.67  8.98  7.76  0.91 -0.9  43.15]
 [14.8  11.4   5.87  9.04  7.89 -0.13  1.67 51.55]
 [25.9   8.7   6.08  9.08  8.02 -0.85 -4.13  5.57]
 [ 5.9  12.6   6.02  8.86  7.91 -0.34  0.24  3.87]
 [ 8.   14.6   6.01  8.84  8.08  0.66  0.2   5.52]]",28
"[[ 4.500e+00  1.000e+01  6.080e+00  9.150e+00  7.920e+00  4.220e+00
  -1.700e+00  1.320e+00]
 [ 8.600e+00  8.800e+00  6.090e+00  9.350e+00  8.040e+00  3.440e+00
   8.400e-01  6.450e+00]
 [ 1.090e+01  8.700e+00  6.030e+00  9.310e+00  7.960e+00  3.330e+00
   2.000e-02  1.095e+01]
 [ 8.500e+00  8.800e+00  5.730e+00  8.970e+00  7.700e+00  2.450e+00
  -8.000e-02  3.094e+01]
 [ 1.010e+01  1.360e+01  5.610e+00  8.800e+00  7.630e+00  2.690e+00
  -5.300e-01  3.852e+01]
 [ 1.480e+01  1.120e+01  5.740e+00  8.910e+00  7.790e+00  2.840e+00
  -9.500e-01  4.872e+01]
 [ 2.540e+01  9.100e+00  5.950e+00  8.910e+00  7.880e+00  1.300e-01
  -6.600e-01  5.584e+01]
 [ 6.100e+00  1.300e+01  5.910e+00  8.700e+00  7.760e+00  3.390e+00
  -1.440e+00  4.828e+01]
 [ 8.100e+00  1.440e+01  5.940e+00  8.870e+00  7.950e+00 -1.190e+00
  -1.090e+00  5.328e+01]]",28
"[[ 9.5  11.3   7.38 10.66  9.05  2.55 -4.91 38.85]
 [10.   11.7   7.47 10.85  9.27  0.91 -0.48 54.15]
 [ 5.    8.8   7.32 10.76  9.3   1.34 -0.76 46.84]
 [ 1.2   8.7   7.01 10.37  9.05  0.07 -0.09 48.44]
 [ 5.    9.6   6.91 10.34  9.02  0.35 -1.16 44.37]
 [11.4  10.5   7.39 10.89  9.36  0.57 -0.77  0.65]
 [21.2  15.5   7.52 10.99  9.34  0.6  -0.56  9.87]
 [20.6  11.8   7.33 10.77  9.11  1.55 -0.28 54.55]
 [14.2   8.9   7.33 10.82  9.16  2.76 -0.76 43.91]]",29
"[[ 9.700e+00  1.120e+01  7.300e+00  1.050e+01  8.920e+00  3.390e+00
  -1.060e+00  4.165e+01]
 [ 1.000e+01  1.110e+01  7.320e+00  1.069e+01  9.150e+00  1.250e+00
   3.700e-01  5.560e+01]
 [ 5.000e+00  8.800e+00  7.180e+00  1.059e+01  9.170e+00  2.380e+00
   3.700e-01  6.437e+01]
 [ 1.300e+00  8.900e+00  6.810e+00  1.013e+01  8.850e+00  1.700e-01
   2.000e-02  5.672e+01]
 [ 4.800e+00  9.200e+00  6.710e+00  1.004e+01  8.770e+00  1.170e+00
  -1.300e-01  3.909e+01]
 [ 1.140e+01  1.050e+01  7.120e+00  1.057e+01  9.080e+00  1.730e+00
  -7.000e-01  4.007e+01]
 [ 2.140e+01  1.540e+01  7.390e+00  1.075e+01  9.140e+00  3.000e-01
  -9.200e-01  4.941e+01]
 [ 2.090e+01  1.250e+01  7.250e+00  1.059e+01  8.970e+00  2.550e+00
  -1.990e+00  5.502e+01]
 [ 1.430e+01  9.000e+00  7.250e+00  1.063e+01  9.000e+00  4.700e-01
  -6.000e-01  4.236e+01]]",29
"[[ 9.4  11.3   7.25 10.49  8.88  0.54 -2.2  48.91]
 [10.1  10.8   7.3  10.74  9.17  3.98  0.25 50.2 ]
 [ 4.9   8.8   7.27 10.76  9.27  4.35 -1.05 -0.12]
 [ 1.3   8.8   6.92 10.3   8.97  0.25  1.59 21.54]
 [ 5.3   9.6   6.8  10.22  8.91  1.72  0.88 33.65]
 [11.4  10.5   7.12 10.61  9.11  1.88 -0.44 62.16]
 [21.1  15.3   7.33 10.71  9.09  2.08 -0.09 48.1 ]
 [20.8  12.2   7.18 10.58  8.93  2.96 -0.58 29.88]
 [14.6   9.2   7.38 10.73  9.06  1.12 -1.13 52.83]]",29
